﻿<?xml version="1.0" encoding="utf-8"?>
<Solution xmlns="http://schemas.microsoft.com/sharepoint/" SolutionId="1db45b9b-2fff-4f07-992b-344dde907316" Title="Azure AD Claims Provider" SharePointProductVersion="15.0">
  <Assemblies>
    <Assembly Location="Microsoft.IdentityModel.Clients.ActiveDirectory.dll" DeploymentTarget="GlobalAssemblyCache" />
    <Assembly Location="Microsoft.IdentityModel.Clients.ActiveDirectory.Platform.dll" DeploymentTarget="GlobalAssemblyCache" />
    <Assembly Location="Nito.AsyncEx.Concurrent.dll" DeploymentTarget="GlobalAssemblyCache" />
    <Assembly Location="Nito.AsyncEx.dll" DeploymentTarget="GlobalAssemblyCache" />
    <Assembly Location="Nito.AsyncEx.Enlightenment.dll" DeploymentTarget="GlobalAssemblyCache" />
    <Assembly Location="Microsoft.Graph.Core.dll" DeploymentTarget="GlobalAssemblyCache" />
    <Assembly Location="Microsoft.Graph.dll" DeploymentTarget="GlobalAssemblyCache" />
    <Assembly Location="Newtonsoft.Json.dll" DeploymentTarget="GlobalAssemblyCache" />
    <Assembly Location="AzureCP.dll" DeploymentTarget="GlobalAssemblyCache" />
  </Assemblies>
  <TemplateFiles>
    <TemplateFile Location="ADMIN\AzureCP\AzureCPSettings.aspx" />
    <TemplateFile Location="ADMIN\AzureCP\ClaimsTable.aspx" />
    <TemplateFile Location="LAYOUTS\AzureCP\jquery-1.9.1.min.js" />
  </TemplateFiles>
  <FeatureManifests>
    <FeatureManifest Location="AzureCP\Feature.xml" />
    <FeatureManifest Location="AzureCP_Administration\Feature.xml" />
  </FeatureManifests>
</Solution>
